{"cameraMode":{"drawMode":0,"name":"Shaded","section":"Shading Mode"},"sceneLighting":true,"audioPlay":false,"sceneViewState":{"showFog":true,"showMaterialUpdate":false,"showSkybox":true,"showFlares":true,"showImageEffects":true,"showParticleSystems":true,"showVisualEffectGraphs":true,"m_FxEnabled":true},"in2DMode":false,"pivot":{"x":19.514434814453126,"y":2.012401819229126,"z":-23.684804916381837},"rotation":{"x":0.16619934141635896,"y":0.13707572221755982,"z":-0.02328748069703579,"w":0.9763321280479431},"size":7.278771877288818,"orthographic":false}